user_id,age,sex,user_reg_tm,user_lv_cd,city_level,province,city,county
381581,NULL,NULL,2018-01-21 21:03:37.0,1,NULL,NULL,NULL,NULL
478401,NULL,NULL,2009-07-17 17:18:07,7,NULL,NULL,NULL,NULL
581131,NULL,NULL,2012-12-10 13:02:25,7,NULL,NULL,NULL,NULL
1154151,NULL,NULL,2014-02-01 16:08:00.0,5,NULL,NULL,NULL,NULL
1603505,NULL,NULL,2012-03-03 15:04:36,5,NULL,NULL,NULL,NULL
506304,NULL,NULL,2014-02-16 22:40:26,7,NULL,NULL,NULL,NULL
827668,NULL,NULL,2014-10-29 17:06:53,7,NULL,NULL,NULL,NULL
1297608,NULL,NULL,2015-08-27 22:40:11,1,NULL,NULL,NULL,NULL
920291,NULL,NULL,2011-12-27 14:49:31.0,7,NULL,NULL,NULL,NULL
1085890,NULL,NULL,2015-12-05 11:01:41,7,NULL,NULL,NULL,NULL
1376487,NULL,NULL,2015-11-21 16:42:59,7,NULL,NULL,NULL,NULL
405428,NULL,NULL,2012-10-27 17:31:09.0,7,NULL,NULL,NULL,NULL
840989,NULL,NULL,2016-01-11 15:04:36.0,1,NULL,NULL,NULL,NULL
1156167,NULL,NULL,2016-07-18 22:02:41,7,NULL,NULL,NULL,NULL
456974,NULL,NULL,2016-02-11 18:28:13,1,NULL,NULL,NULL,NULL
658207,NULL,NULL,2016-11-10 21:04:15,7,NULL,NULL,NULL,NULL
956093,NULL,NULL,2012-06-28 12:38:31,7,NULL,NULL,NULL,NULL
506155,NULL,NULL,2014-08-21 09:33:48,1,NULL,NULL,NULL,NULL
489464,NULL,NULL,2016-06-29 14:34:43.0,7,NULL,NULL,NULL,NULL
935935,NULL,NULL,2012-01-01 15:22:46.0,7,NULL,NULL,NULL,NULL
740841,NULL,NULL,2016-04-07 18:16:01,7,NULL,NULL,NULL,NULL
459420,NULL,NULL,2008-03-25 20:15:20,7,NULL,NULL,NULL,NULL
607701,NULL,NULL,2015-02-18 13:33:52,1,NULL,NULL,NULL,NULL
1477913,NULL,NULL,2015-02-24 21:58:38.0,7,NULL,NULL,NULL,NULL
468497,NULL,NULL,2016-03-10 15:29:31,7,NULL,NULL,NULL,NULL
395197,NULL,NULL,2013-11-11 09:43:58,1,NULL,NULL,NULL,NULL
582601,NULL,NULL,2009-05-21 17:40:36,7,NULL,NULL,NULL,NULL
1564307,NULL,NULL,2014-07-09 17:07:53,7,NULL,NULL,NULL,NULL
708948,NULL,NULL,2016-10-02 14:04:47,5,NULL,NULL,NULL,NULL
1325513,NULL,NULL,2010-11-13 12:26:55,7,NULL,NULL,NULL,NULL
812438,NULL,NULL,2016-01-18 13:45:28,7,NULL,NULL,NULL,NULL
924511,NULL,NULL,2015-09-26 23:36:48.0,5,NULL,NULL,NULL,NULL
1370817,NULL,NULL,2015-08-25 16:42:56.0,7,NULL,NULL,NULL,NULL
905356,NULL,NULL,2017-02-11 11:37:43.0,7,NULL,NULL,NULL,NULL
1501191,NULL,NULL,2011-03-23 14:16:55,7,NULL,NULL,NULL,NULL
645226,NULL,NULL,2011-09-10 21:29:40.0,1,NULL,NULL,NULL,NULL
876948,NULL,NULL,2014-11-18 08:54:21.0,7,NULL,NULL,NULL,NULL
952368,NULL,NULL,2012-10-22 14:57:57,7,NULL,NULL,NULL,NULL
776010,NULL,NULL,2017-11-11 01:08:55.0,5,NULL,NULL,NULL,NULL
225387,NULL,NULL,2013-03-15 11:30:32,7,NULL,NULL,NULL,NULL
499546,NULL,NULL,2015-04-16 09:54:32,5,NULL,NULL,NULL,NULL
492882,NULL,NULL,2012-03-28 23:32:56,7,NULL,NULL,NULL,NULL
971872,NULL,NULL,2017-03-21 17:29:39.0,7,NULL,NULL,NULL,NULL
1338301,NULL,NULL,2017-02-26 14:29:48.0,1,NULL,NULL,NULL,NULL
889689,NULL,NULL,2013-12-26 17:41:37.0,7,NULL,NULL,NULL,NULL
956582,NULL,NULL,2010-12-28 21:37:56,7,NULL,NULL,NULL,NULL
1465931,NULL,NULL,2018-02-27 15:32:55.0,6,NULL,NULL,NULL,NULL
277328,NULL,NULL,2017-11-01 14:53:45.0,5,NULL,NULL,NULL,NULL
1570280,NULL,NULL,2013-08-14 11:04:30,5,NULL,NULL,NULL,NULL
858681,NULL,NULL,2011-01-10 15:06:13,7,NULL,NULL,NULL,NULL
163150,NULL,NULL,2015-03-10 17:51:49.0,7,NULL,NULL,NULL,NULL
260241,NULL,NULL,2010-03-15 08:57:38,7,NULL,NULL,NULL,NULL
898290,NULL,NULL,2015-06-21 05:17:06,5,NULL,NULL,NULL,NULL
499884,NULL,NULL,2017-09-26 14:22:29.0,5,NULL,NULL,NULL,NULL
1063438,NULL,NULL,2014-10-24 21:22:32,7,NULL,NULL,NULL,NULL
441645,NULL,NULL,2012-07-25 22:33:06.0,5,NULL,NULL,NULL,NULL
1008954,NULL,NULL,2012-12-07 14:24:33,7,NULL,NULL,NULL,NULL
976723,NULL,NULL,2017-01-06 14:42:22.0,7,NULL,NULL,NULL,NULL
1260937,NULL,NULL,2012-06-18 19:49:28,7,NULL,NULL,NULL,NULL
1419703,NULL,NULL,2016-01-17 12:41:01.0,7,NULL,NULL,NULL,NULL
855810,NULL,NULL,2015-07-06 11:39:12,7,NULL,NULL,NULL,NULL
1192778,NULL,NULL,2012-07-24 17:19:17,7,NULL,NULL,NULL,NULL
1587250,NULL,NULL,2017-10-25 07:52:59.0,7,NULL,NULL,NULL,NULL
69691,NULL,NULL,2009-10-18 17:07:27,7,NULL,NULL,NULL,NULL
511665,NULL,NULL,2010-12-22 22:53:54.0,7,NULL,NULL,NULL,NULL
1449738,NULL,NULL,2017-03-03 15:06:11,7,NULL,NULL,NULL,NULL
19722,NULL,NULL,2013-06-19 11:18:29,7,NULL,NULL,NULL,NULL
366667,NULL,NULL,2014-06-28 13:42:58,7,NULL,NULL,NULL,NULL
1428287,NULL,NULL,2017-06-21 08:46:04.0,6,NULL,NULL,NULL,NULL
115962,NULL,NULL,2018-03-06 10:29:06.0,1,NULL,NULL,NULL,NULL
251671,NULL,NULL,2015-03-06 22:11:17.0,5,NULL,NULL,NULL,NULL
1141072,NULL,NULL,2016-10-22 16:57:09,5,NULL,NULL,NULL,NULL
689447,NULL,NULL,2018-03-07 10:46:35.0,7,NULL,NULL,NULL,NULL
1603159,NULL,NULL,2012-09-05 09:26:29,7,NULL,NULL,NULL,NULL
275613,NULL,NULL,2014-12-25 20:36:09,5,NULL,NULL,NULL,NULL
477951,NULL,NULL,2015-05-30 16:02:12,7,NULL,NULL,NULL,NULL
1567855,NULL,NULL,2016-02-02 20:05:16.0,7,NULL,NULL,NULL,NULL
320405,NULL,NULL,2016-10-26 19:26:42.0,7,NULL,NULL,NULL,NULL
200131,NULL,NULL,2017-12-11 13:26:48.0,1,NULL,NULL,NULL,NULL
414901,NULL,NULL,2017-11-10 08:58:12.0,1,NULL,NULL,NULL,NULL
666232,NULL,NULL,2010-12-04 22:16:07.0,5,NULL,NULL,NULL,NULL
69651,NULL,NULL,2013-10-07 00:04:01,7,NULL,NULL,NULL,NULL
563756,NULL,NULL,2017-03-19 23:33:02.0,7,NULL,NULL,NULL,NULL
779324,NULL,NULL,2017-03-12 21:57:24,5,NULL,NULL,NULL,NULL
548906,NULL,NULL,2017-11-09 01:44:58.0,6,NULL,NULL,NULL,NULL
342805,NULL,NULL,2016-03-21 09:25:29.0,7,NULL,NULL,NULL,NULL
1113754,NULL,NULL,2015-12-22 11:46:21.0,1,NULL,NULL,NULL,NULL
458341,NULL,NULL,2012-09-11 20:30:48,5,NULL,NULL,NULL,NULL
214571,NULL,NULL,2017-10-11 00:31:49,7,NULL,NULL,NULL,NULL
831290,NULL,NULL,2012-09-23 18:32:23,7,NULL,NULL,NULL,NULL
970100,NULL,NULL,2015-11-05 14:21:50,7,NULL,NULL,NULL,NULL
494475,NULL,NULL,2012-10-21 11:44:49,7,NULL,NULL,NULL,NULL
840496,NULL,NULL,2012-05-29 19:45:58.0,7,NULL,NULL,NULL,NULL
1161892,NULL,NULL,2017-12-09 11:20:16.0,7,NULL,NULL,NULL,NULL
484852,NULL,NULL,2011-11-16 17:24:19,7,NULL,NULL,NULL,NULL
142444,NULL,NULL,2015-02-07 10:19:40,5,NULL,NULL,NULL,NULL
874109,NULL,NULL,2011-06-27 19:50:10.0,7,NULL,NULL,NULL,NULL
983581,NULL,NULL,2017-08-26 22:54:41.0,5,NULL,NULL,NULL,NULL
1482063,NULL,NULL,2013-07-26 18:12:25,7,NULL,NULL,NULL,NULL
681035,NULL,NULL,2013-05-03 22:04:10,5,NULL,NULL,NULL,NULL
1293440,NULL,NULL,2017-06-03 18:46:51.0,7,NULL,NULL,NULL,NULL
1166605,NULL,NULL,2014-07-30 14:02:02.0,7,NULL,NULL,NULL,NULL
1361021,NULL,NULL,2013-08-02 22:41:32,1,NULL,NULL,NULL,NULL
883531,NULL,NULL,2015-04-21 10:34:50.0,5,NULL,NULL,NULL,NULL
1526822,NULL,NULL,2013-09-25 09:53:04,7,NULL,NULL,NULL,NULL
559096,NULL,NULL,2010-12-25 11:52:02,7,NULL,NULL,NULL,NULL
478528,NULL,NULL,2015-06-02 18:43:02,1,NULL,NULL,NULL,NULL
343370,NULL,NULL,2016-07-28 07:20:39,7,NULL,NULL,NULL,NULL
117902,NULL,NULL,2014-08-22 10:42:38,5,NULL,NULL,NULL,NULL
1283169,NULL,NULL,2014-03-23 20:48:39.0,5,NULL,NULL,NULL,NULL
1080304,NULL,NULL,2011-08-07 21:57:58,7,NULL,NULL,NULL,NULL
582157,NULL,NULL,2016-05-16 06:44:36.0,7,NULL,NULL,NULL,NULL
96292,NULL,NULL,2014-08-09 10:00:11,7,NULL,NULL,NULL,NULL
877879,NULL,NULL,2010-06-12 13:46:06.0,7,NULL,NULL,NULL,NULL
623731,NULL,NULL,2012-02-21 19:00:45,7,NULL,NULL,NULL,NULL
455708,NULL,NULL,2011-12-24 21:38:02,7,NULL,NULL,NULL,NULL
569851,NULL,NULL,2017-12-25 13:18:38.0,5,NULL,NULL,NULL,NULL
424713,NULL,NULL,2016-07-26 16:01:56,6,NULL,NULL,NULL,NULL
109648,NULL,NULL,2016-12-09 11:57:54,7,NULL,NULL,NULL,NULL
251957,NULL,NULL,2012-02-27 12:41:56,7,NULL,NULL,NULL,NULL
962487,NULL,NULL,2013-05-29 09:13:55,7,NULL,NULL,NULL,NULL
224439,NULL,NULL,2015-03-18 20:12:18,5,NULL,NULL,NULL,NULL
791787,NULL,NULL,2015-01-12 13:40:06,7,NULL,NULL,NULL,NULL
1181540,NULL,NULL,2009-10-23 00:45:22,7,NULL,NULL,NULL,NULL
950091,NULL,NULL,2014-09-09 12:44:02,7,NULL,NULL,NULL,NULL
784780,NULL,NULL,2014-06-04 12:07:24,5,NULL,NULL,NULL,NULL
1569276,NULL,NULL,2018-01-24 13:51:57.0,5,NULL,NULL,NULL,NULL
961924,NULL,NULL,2011-02-14 21:14:58,1,NULL,NULL,NULL,NULL
1097710,NULL,NULL,2016-09-18 17:46:03,1,NULL,NULL,NULL,NULL
1114581,NULL,NULL,2017-04-29 19:00:29,1,NULL,NULL,NULL,NULL
407165,NULL,NULL,2015-11-22 11:01:31.0,5,NULL,NULL,NULL,NULL
663384,NULL,NULL,2013-07-25 22:49:31.0,7,NULL,NULL,NULL,NULL
99721,NULL,NULL,2014-11-10 14:27:26,1,NULL,NULL,NULL,NULL
535921,NULL,NULL,2010-10-15 10:10:02,7,NULL,NULL,NULL,NULL
1018914,NULL,NULL,2017-10-26 13:07:04,5,NULL,NULL,NULL,NULL
962056,NULL,NULL,2009-12-16 17:47:51,7,NULL,NULL,NULL,NULL
1268210,NULL,NULL,2013-08-31 21:51:07,7,NULL,NULL,NULL,NULL
1257320,NULL,NULL,2012-06-25 10:18:27,7,NULL,NULL,NULL,NULL
96113,NULL,NULL,2012-08-14 20:51:50,7,NULL,NULL,NULL,NULL
1332019,NULL,NULL,2013-02-17 14:56:51.0,7,NULL,NULL,NULL,NULL
307731,NULL,NULL,2013-01-07 15:42:19,7,NULL,NULL,NULL,NULL
808227,NULL,NULL,2013-01-30 16:17:09.0,5,NULL,NULL,NULL,NULL
621654,NULL,NULL,2015-03-18 15:29:42,7,NULL,NULL,NULL,NULL
17737,NULL,NULL,2013-09-04 09:39:16.0,7,NULL,NULL,NULL,NULL
146265,NULL,NULL,2011-06-29 16:35:37,7,NULL,NULL,NULL,NULL
763675,NULL,NULL,2014-10-17 13:26:17,5,NULL,NULL,NULL,NULL
1246741,NULL,NULL,2012-03-03 21:10:39,7,NULL,NULL,NULL,NULL
848942,NULL,NULL,2012-10-20 13:00:12,7,NULL,NULL,NULL,NULL
713149,NULL,NULL,2013-03-11 16:28:43.0,7,NULL,NULL,NULL,NULL
1027717,NULL,NULL,2011-12-15 10:07:25.0,7,NULL,NULL,NULL,NULL
197713,NULL,NULL,2011-10-10 10:42:26,7,NULL,NULL,NULL,NULL
320238,NULL,NULL,2012-11-17 20:56:22,7,NULL,NULL,NULL,NULL
1185596,NULL,NULL,2014-08-20 12:29:33.0,5,NULL,NULL,NULL,NULL
267295,NULL,NULL,2014-04-28 10:13:33,7,NULL,NULL,NULL,NULL
276508,NULL,NULL,2015-09-22 14:46:19,1,NULL,NULL,NULL,NULL
1171964,NULL,NULL,2014-02-14 10:30:58,7,NULL,NULL,NULL,NULL
274174,NULL,NULL,2010-12-25 22:48:04,7,NULL,NULL,NULL,NULL
1119920,NULL,NULL,2012-10-19 21:36:29,7,NULL,NULL,NULL,NULL
42744,NULL,NULL,2012-04-01 15:00:32,7,NULL,NULL,NULL,NULL
96972,NULL,NULL,2015-08-13 21:30:02,7,NULL,NULL,NULL,NULL
1599383,NULL,NULL,2011-12-26 10:48:06.0,7,NULL,NULL,NULL,NULL
200835,NULL,NULL,2013-06-08 10:19:16,5,NULL,NULL,NULL,NULL
198456,NULL,NULL,2015-04-07 09:53:19.0,7,NULL,NULL,NULL,NULL
1266831,NULL,NULL,2015-12-24 03:42:37,1,NULL,NULL,NULL,NULL
249559,NULL,NULL,2013-11-05 10:19:23,7,NULL,NULL,NULL,NULL
745801,NULL,NULL,2013-07-30 17:35:32,7,NULL,NULL,NULL,NULL
82741,NULL,NULL,2017-06-23 11:35:31,7,NULL,NULL,NULL,NULL
1311450,NULL,NULL,2012-03-01 19:13:48,7,NULL,NULL,NULL,NULL
1088277,NULL,NULL,2015-03-07 14:19:34,7,NULL,NULL,NULL,NULL
1240156,NULL,NULL,2010-11-22 13:30:55.0,5,NULL,NULL,NULL,NULL
1024166,NULL,NULL,2015-10-14 11:14:20.0,7,NULL,NULL,NULL,NULL
1133268,NULL,NULL,2015-01-25 09:11:23,7,NULL,NULL,NULL,NULL
1076327,NULL,NULL,2016-07-24 16:54:22.0,5,NULL,NULL,NULL,NULL
1052544,NULL,NULL,2015-11-10 15:57:50.0,5,NULL,NULL,NULL,NULL
346636,NULL,NULL,2012-03-29 16:18:54,7,NULL,NULL,NULL,NULL
256101,NULL,NULL,2014-10-27 13:34:54,7,NULL,NULL,NULL,NULL
953245,NULL,NULL,2012-08-17 22:21:16,7,NULL,NULL,NULL,NULL
1126608,NULL,NULL,2011-04-10 21:47:54,7,NULL,NULL,NULL,NULL
438960,NULL,NULL,2011-06-13 14:25:26.0,7,NULL,NULL,NULL,NULL
222946,NULL,NULL,2009-05-14 09:41:44,7,NULL,NULL,NULL,NULL
858635,NULL,NULL,2012-05-18 15:46:33,7,NULL,NULL,NULL,NULL
943834,NULL,NULL,2013-02-20 19:16:46,7,NULL,NULL,NULL,NULL
1605414,NULL,NULL,2012-02-22 18:01:13,7,NULL,NULL,NULL,NULL
1028623,NULL,NULL,2015-12-19 17:31:25,5,NULL,NULL,NULL,NULL
939730,NULL,NULL,2015-01-18 20:07:45.0,2,NULL,NULL,NULL,NULL
857904,NULL,NULL,2014-03-17 18:16:34,7,NULL,NULL,NULL,NULL
1260159,NULL,NULL,2014-08-19 01:34:22,5,NULL,NULL,NULL,NULL
545884,NULL,NULL,2015-12-05 16:25:14.0,5,NULL,NULL,NULL,NULL
173102,NULL,NULL,2017-11-03 20:27:24,6,NULL,NULL,NULL,NULL
1321036,NULL,NULL,2016-09-07 22:23:25.0,5,NULL,NULL,NULL,NULL
1581445,NULL,NULL,2015-10-12 20:34:16,7,NULL,NULL,NULL,NULL
1020081,NULL,NULL,2012-06-01 09:09:27,5,NULL,NULL,NULL,NULL
44805,NULL,NULL,2011-04-27 22:57:11,7,NULL,NULL,NULL,NULL
379410,NULL,NULL,2016-02-22 16:45:40,5,NULL,NULL,NULL,NULL
329471,NULL,NULL,2012-08-22 22:04:46,7,NULL,NULL,NULL,NULL
1459225,NULL,NULL,2012-11-01 11:22:42,7,NULL,NULL,NULL,NULL
1179115,NULL,NULL,2012-05-07 23:36:13,7,NULL,NULL,NULL,NULL
711345,NULL,NULL,2017-07-22 10:28:35.0,1,NULL,NULL,NULL,NULL
1076273,NULL,NULL,2010-04-22 12:23:04,7,NULL,NULL,NULL,NULL
524127,NULL,NULL,2011-04-14 12:52:07,7,NULL,NULL,NULL,NULL
189316,NULL,NULL,2016-10-10 08:51:48.0,1,NULL,NULL,NULL,NULL
1480955,NULL,NULL,2009-02-14 23:28:13,7,NULL,NULL,NULL,NULL
1482657,NULL,NULL,2015-11-10 15:35:32.0,1,NULL,NULL,NULL,NULL
747141,NULL,NULL,2011-09-22 17:55:18,7,NULL,NULL,NULL,NULL
572036,NULL,NULL,2015-10-08 13:24:54,7,NULL,NULL,NULL,NULL
1393977,NULL,NULL,2015-01-14 14:50:08,7,NULL,NULL,NULL,NULL
742051,NULL,NULL,2016-12-21 17:04:33.0,7,NULL,NULL,NULL,NULL
98467,NULL,NULL,2016-11-14 21:04:13.0,7,NULL,NULL,NULL,NULL
390880,NULL,NULL,2012-06-17 15:26:43,7,NULL,NULL,NULL,NULL
719240,NULL,NULL,2015-08-19 08:55:48,7,NULL,NULL,NULL,NULL
977964,NULL,NULL,2010-11-09 16:30:14,5,NULL,NULL,NULL,NULL
34205,NULL,NULL,2013-02-14 19:47:01.0,7,NULL,NULL,NULL,NULL
214322,NULL,NULL,2011-08-19 18:39:43,7,NULL,NULL,NULL,NULL
692049,NULL,NULL,2008-12-24 19:05:36,7,NULL,NULL,NULL,NULL
1375534,NULL,NULL,2008-10-13 16:44:31,7,NULL,NULL,NULL,NULL
949631,NULL,NULL,2011-09-02 15:13:27,5,NULL,NULL,NULL,NULL
265571,NULL,NULL,2012-05-18 13:58:23,7,NULL,NULL,NULL,NULL
436590,NULL,NULL,2015-06-12 23:43:15.0,7,NULL,NULL,NULL,NULL
174380,NULL,NULL,2016-03-21 10:51:51.0,7,NULL,NULL,NULL,NULL
1446873,NULL,NULL,2014-05-28 19:21:45,7,NULL,NULL,NULL,NULL
1134431,NULL,NULL,2017-02-03 11:03:32.0,1,NULL,NULL,NULL,NULL
792559,NULL,NULL,2011-05-30 14:48:28.0,7,NULL,NULL,NULL,NULL
1493809,NULL,NULL,2015-08-03 11:49:18.0,2,NULL,NULL,NULL,NULL
16281,NULL,NULL,2017-05-23 09:05:11,7,NULL,NULL,NULL,NULL
1095178,NULL,NULL,2014-01-03 16:42:47,7,NULL,NULL,NULL,NULL
1147315,NULL,NULL,2009-12-18 14:41:30.0,5,NULL,NULL,NULL,NULL
1584599,NULL,NULL,2012-12-11 10:22:05,7,NULL,NULL,NULL,NULL
912975,NULL,NULL,2013-03-20 11:22:35,7,NULL,NULL,NULL,NULL
235718,NULL,NULL,2011-07-19 20:08:54.0,7,NULL,NULL,NULL,NULL
870112,NULL,NULL,2012-06-10 20:56:57,7,NULL,NULL,NULL,NULL
90475,NULL,NULL,2017-08-09 10:25:47,1,NULL,NULL,NULL,NULL
830734,NULL,NULL,2010-09-02 18:26:58,7,NULL,NULL,NULL,NULL
1033062,NULL,NULL,2013-03-03 15:27:44.0,7,NULL,NULL,NULL,NULL
661469,NULL,NULL,2015-03-19 14:49:16.0,5,NULL,NULL,NULL,NULL
911334,NULL,NULL,2011-07-12 14:11:59,7,NULL,NULL,NULL,NULL
1013601,NULL,NULL,2016-11-05 11:43:45.0,5,NULL,NULL,NULL,NULL
1237839,NULL,NULL,2010-11-28 18:48:21,5,NULL,NULL,NULL,NULL
1128615,NULL,NULL,2015-09-12 08:32:40,7,NULL,NULL,NULL,NULL
1337965,NULL,NULL,2014-11-27 16:37:39,1,NULL,NULL,NULL,NULL
172331,NULL,NULL,2013-01-06 13:59:51,7,NULL,NULL,NULL,NULL
811508,NULL,NULL,2015-07-24 08:59:21,1,NULL,NULL,NULL,NULL
28454,NULL,NULL,2014-08-22 13:29:41,7,NULL,NULL,NULL,NULL
1432148,NULL,NULL,2013-09-25 02:00:18.0,7,NULL,NULL,NULL,NULL
833601,NULL,NULL,2012-08-02 19:29:55.0,5,NULL,NULL,NULL,NULL
651816,NULL,NULL,2010-02-10 18:50:22.0,7,NULL,NULL,NULL,NULL
1163046,NULL,NULL,2017-09-15 14:02:03.0,7,NULL,NULL,NULL,NULL
845516,NULL,NULL,2015-06-02 15:50:44,7,NULL,NULL,NULL,NULL
1125602,NULL,NULL,2015-05-22 09:29:36,7,NULL,NULL,NULL,NULL
812984,NULL,NULL,2011-08-03 12:19:48.0,2,NULL,NULL,NULL,NULL
446271,NULL,NULL,2012-08-22 21:54:12,7,NULL,NULL,NULL,NULL
681269,NULL,NULL,2014-07-03 13:45:09,7,NULL,NULL,NULL,NULL
33861,NULL,NULL,2016-11-09 14:13:30.0,1,NULL,NULL,NULL,NULL
50709,NULL,NULL,2011-07-18 17:19:45,7,NULL,NULL,NULL,NULL
258852,NULL,NULL,2018-01-17 19:38:26.0,5,NULL,NULL,NULL,NULL
619916,NULL,NULL,2012-05-17 08:43:57,7,NULL,NULL,NULL,NULL
1136373,NULL,NULL,2016-07-07 11:54:08,7,NULL,NULL,NULL,NULL
17250,NULL,NULL,2014-04-07 17:13:05.0,7,NULL,NULL,NULL,NULL
1418952,NULL,NULL,2014-01-08 09:36:25.0,7,NULL,NULL,NULL,NULL
970241,NULL,NULL,2012-06-11 10:44:06,7,NULL,NULL,NULL,NULL
1443393,NULL,NULL,2012-10-12 20:04:22,7,NULL,NULL,NULL,NULL
164851,NULL,NULL,2011-05-03 21:07:39,7,NULL,NULL,NULL,NULL
1108975,NULL,NULL,2014-06-18 12:10:42,5,NULL,NULL,NULL,NULL
831000,NULL,NULL,2016-09-01 09:21:12,7,NULL,NULL,NULL,NULL
982927,NULL,NULL,2013-09-11 09:09:02,7,NULL,NULL,NULL,NULL
318885,NULL,NULL,2011-04-24 16:39:37,7,NULL,NULL,NULL,NULL
1568285,NULL,NULL,2015-11-02 19:56:59,5,NULL,NULL,NULL,NULL
735304,NULL,NULL,2012-05-21 13:18:08,7,NULL,NULL,NULL,NULL
520765,NULL,NULL,2013-08-04 00:59:36,7,NULL,NULL,NULL,NULL
524163,NULL,NULL,2010-09-07 11:13:50,7,NULL,NULL,NULL,NULL
906065,NULL,NULL,2014-07-24 15:59:38,7,NULL,NULL,NULL,NULL
398221,NULL,NULL,2017-05-29 08:14:18,1,NULL,NULL,NULL,NULL
110273,NULL,NULL,2012-07-18 11:34:45.0,7,NULL,NULL,NULL,NULL
1574151,NULL,NULL,2011-09-08 13:47:06,7,NULL,NULL,NULL,NULL
1308475,NULL,NULL,2017-08-28 10:41:52.0,5,NULL,NULL,NULL,NULL
521143,NULL,NULL,2017-04-19 10:10:28.0,1,NULL,NULL,NULL,NULL
568194,NULL,NULL,2016-07-18 17:17:13,7,NULL,NULL,NULL,NULL
50393,NULL,NULL,2014-03-06 15:00:54,7,NULL,NULL,NULL,NULL
1189319,NULL,NULL,2010-11-08 09:27:52.0,5,NULL,NULL,NULL,NULL
1311383,NULL,NULL,2009-02-06 22:31:24.0,7,NULL,NULL,NULL,NULL
202907,NULL,NULL,2017-02-04 20:44:58,7,NULL,NULL,NULL,NULL
1453877,NULL,NULL,2010-07-27 12:45:22,7,NULL,NULL,NULL,NULL
429832,NULL,NULL,2017-04-26 10:15:04.0,5,NULL,NULL,NULL,NULL
647130,NULL,NULL,2009-01-16 22:11:43,7,NULL,NULL,NULL,NULL
1036535,NULL,NULL,2011-12-04 18:14:03,7,NULL,NULL,NULL,NULL
380608,NULL,NULL,2013-07-12 16:18:15,7,NULL,NULL,NULL,NULL
625487,NULL,NULL,2010-11-27 12:01:34,7,NULL,NULL,NULL,NULL
148858,NULL,NULL,2008-05-05 16:48:22,7,NULL,NULL,NULL,NULL
822721,NULL,NULL,2015-04-24 17:20:43.0,7,NULL,NULL,NULL,NULL
5567,NULL,NULL,2011-11-28 15:35:30,7,NULL,NULL,NULL,NULL
1582085,NULL,NULL,2011-02-15 08:27:03,7,NULL,NULL,NULL,NULL
943806,NULL,NULL,2012-07-31 23:15:43,7,NULL,NULL,NULL,NULL
1438106,NULL,NULL,2012-04-22 09:16:30,7,NULL,NULL,NULL,NULL
1231463,NULL,NULL,2012-12-16 22:53:41,7,NULL,NULL,NULL,NULL
515742,NULL,NULL,2011-12-23 22:47:02,7,NULL,NULL,NULL,NULL
746889,NULL,NULL,2015-07-27 11:48:05.0,7,NULL,NULL,NULL,NULL
335120,NULL,NULL,2014-10-24 11:42:42,7,NULL,NULL,NULL,NULL
1293311,NULL,NULL,2015-08-17 08:52:49.0,1,NULL,NULL,NULL,NULL
1521362,NULL,NULL,2011-01-09 11:08:57,7,NULL,NULL,NULL,NULL
26878,NULL,NULL,2014-09-22 12:19:18.0,7,NULL,NULL,NULL,NULL
371613,NULL,NULL,2015-03-19 20:20:13,7,NULL,NULL,NULL,NULL
176705,NULL,NULL,2014-10-04 22:18:21,5,NULL,NULL,NULL,NULL
1348714,NULL,NULL,2011-10-21 11:09:03,7,NULL,NULL,NULL,NULL
743467,NULL,NULL,2016-05-23 09:16:26,1,NULL,NULL,NULL,NULL
1034619,NULL,NULL,2014-11-14 15:16:17.0,5,NULL,NULL,NULL,NULL
1050113,NULL,NULL,2008-05-27 15:46:17,7,NULL,NULL,NULL,NULL
1333971,NULL,NULL,2009-04-17 21:31:31.0,7,NULL,NULL,NULL,NULL
1599841,NULL,NULL,2008-09-12 12:04:31.0,5,NULL,NULL,NULL,NULL
1514220,NULL,NULL,2011-11-11 15:15:46,7,NULL,NULL,NULL,NULL
1390164,NULL,NULL,2009-03-25 16:02:12.0,7,NULL,NULL,NULL,NULL
1056993,NULL,NULL,2014-01-25 20:47:06,5,NULL,NULL,NULL,NULL
1011737,NULL,NULL,2011-09-19 16:28:44.0,2,NULL,NULL,NULL,NULL
1549419,NULL,NULL,2015-12-05 18:34:41.0,5,NULL,NULL,NULL,NULL
1043435,NULL,NULL,2013-09-25 13:25:31,5,NULL,NULL,NULL,NULL
836322,NULL,NULL,2013-05-04 17:41:39,5,NULL,NULL,NULL,NULL
919090,NULL,NULL,2017-11-02 08:32:12.0,7,NULL,NULL,NULL,NULL
1566078,NULL,NULL,2016-07-26 11:44:32,7,NULL,NULL,NULL,NULL
1564038,NULL,NULL,2012-08-06 18:19:23.0,1,NULL,NULL,NULL,NULL
983170,NULL,NULL,2009-10-24 03:09:55,7,NULL,NULL,NULL,NULL
550917,NULL,NULL,2006-12-02 10:53:48,7,NULL,NULL,NULL,NULL
774484,NULL,NULL,2010-05-18 14:01:13,7,NULL,NULL,NULL,NULL
1601344,NULL,NULL,2013-02-20 08:25:47,7,NULL,NULL,NULL,NULL
1491768,NULL,NULL,2015-07-03 20:03:53,7,NULL,NULL,NULL,NULL
405293,NULL,NULL,2015-05-29 02:03:21.0,7,NULL,NULL,NULL,NULL
111292,NULL,NULL,2014-07-27 15:50:13.0,5,NULL,NULL,NULL,NULL
1236213,NULL,NULL,2011-01-18 17:40:13,7,NULL,NULL,NULL,NULL
262536,NULL,NULL,2017-06-23 08:03:51.0,5,NULL,NULL,NULL,NULL
858858,NULL,NULL,2012-06-17 07:31:31,7,NULL,NULL,NULL,NULL
683239,NULL,NULL,2014-07-30 16:46:45.0,5,NULL,NULL,NULL,NULL
1471511,NULL,NULL,2012-01-13 06:46:09,7,NULL,NULL,NULL,NULL
1314955,NULL,NULL,2014-01-10 17:41:06,5,NULL,NULL,NULL,NULL
1398570,NULL,NULL,2012-03-12 16:50:54,7,NULL,NULL,NULL,NULL
1145518,NULL,NULL,2013-07-30 10:50:12,7,NULL,NULL,NULL,NULL
673515,NULL,NULL,2016-09-23 22:21:24,7,NULL,NULL,NULL,NULL
391819,NULL,NULL,2015-03-17 17:10:41.0,7,NULL,NULL,NULL,NULL
1199017,NULL,NULL,2010-11-22 11:12:12,5,NULL,NULL,NULL,NULL
717081,NULL,NULL,2016-04-26 08:52:49,7,NULL,NULL,NULL,NULL
1504289,NULL,NULL,2012-12-30 14:48:08,7,NULL,NULL,NULL,NULL
496048,NULL,NULL,2013-03-12 14:41:38,7,NULL,NULL,NULL,NULL
475672,NULL,NULL,2015-08-09 13:18:54.0,1,NULL,NULL,NULL,NULL
1489250,NULL,NULL,2016-09-22 10:38:59.0,5,NULL,NULL,NULL,NULL
1184036,NULL,NULL,2013-03-19 15:02:07,7,NULL,NULL,NULL,NULL
961515,NULL,NULL,2012-07-11 11:31:49,7,NULL,NULL,NULL,NULL
913954,NULL,NULL,2018-03-01 15:08:02.0,6,NULL,NULL,NULL,NULL
866611,NULL,NULL,2013-11-29 21:03:23.0,7,NULL,NULL,NULL,NULL
816657,NULL,NULL,2014-11-10 22:53:10,7,NULL,NULL,NULL,NULL
881436,NULL,NULL,2012-07-25 15:42:58,7,NULL,NULL,NULL,NULL
728188,NULL,NULL,2012-09-05 11:26:58,7,NULL,NULL,NULL,NULL
777627,NULL,NULL,2017-11-08 08:37:39.0,1,NULL,NULL,NULL,NULL
1044632,NULL,NULL,2013-10-07 22:29:46,1,NULL,NULL,NULL,NULL
20188,NULL,NULL,2016-07-03 19:50:33,5,NULL,NULL,NULL,NULL
352651,NULL,NULL,2012-03-09 14:17:26,7,NULL,NULL,NULL,NULL
435970,NULL,NULL,2012-01-28 02:52:57,7,NULL,NULL,NULL,NULL
1133742,NULL,NULL,2012-10-08 15:19:08,7,NULL,NULL,NULL,NULL
254273,NULL,NULL,2013-05-16 21:10:01,7,NULL,NULL,NULL,NULL
1601835,NULL,NULL,2011-06-14 18:20:50,7,NULL,NULL,NULL,NULL
1474083,NULL,NULL,2012-12-31 14:07:07.0,5,NULL,NULL,NULL,NULL
727131,NULL,NULL,2016-01-09 16:51:57.0,5,NULL,NULL,NULL,NULL
1235718,NULL,NULL,2011-03-12 22:22:26,7,NULL,NULL,NULL,NULL
1099728,NULL,NULL,2011-08-17 12:40:25,5,NULL,NULL,NULL,NULL
1452641,NULL,NULL,2012-07-20 20:33:04,1,NULL,NULL,NULL,NULL
373235,NULL,NULL,2013-07-31 13:24:51,7,NULL,NULL,NULL,NULL
1389506,NULL,NULL,2014-05-24 22:45:36,7,NULL,NULL,NULL,NULL
239517,NULL,NULL,2012-03-17 17:04:15,5,NULL,NULL,NULL,NULL
619278,NULL,NULL,2014-07-22 20:29:37.0,1,NULL,NULL,NULL,NULL
1172697,NULL,NULL,2013-07-19 13:19:45,7,NULL,NULL,NULL,NULL
574693,NULL,NULL,2013-07-26 22:23:12,7,NULL,NULL,NULL,NULL
15349,NULL,NULL,2015-02-02 15:24:28,7,NULL,NULL,NULL,NULL
166965,NULL,NULL,2011-03-18 15:15:45,7,NULL,NULL,NULL,NULL
10311,NULL,NULL,2010-06-01 10:01:48,7,NULL,NULL,NULL,NULL
638270,NULL,NULL,2017-09-07 11:46:05.0,1,NULL,NULL,NULL,NULL
1039737,NULL,NULL,2014-04-22 00:54:20.0,7,NULL,NULL,NULL,NULL
381095,NULL,NULL,2014-07-09 21:31:27,7,NULL,NULL,NULL,NULL
75444,NULL,NULL,2012-11-22 21:43:12,5,NULL,NULL,NULL,NULL
101447,NULL,NULL,2015-03-23 15:27:17,1,NULL,NULL,NULL,NULL
1120747,NULL,NULL,2014-09-11 16:56:01,7,NULL,NULL,NULL,NULL
258877,NULL,NULL,2008-12-09 13:57:23,7,NULL,NULL,NULL,NULL
145574,NULL,NULL,2011-03-23 14:26:27,5,NULL,NULL,NULL,NULL
212425,NULL,NULL,2016-06-18 19:14:20,7,NULL,NULL,NULL,NULL
17715,NULL,NULL,2016-11-13 21:05:17,5,NULL,NULL,NULL,NULL
812428,NULL,NULL,2013-12-27 20:27:31,5,NULL,NULL,NULL,NULL
43135,NULL,NULL,2018-03-30 16:54:14.0,7,NULL,NULL,NULL,NULL
766353,NULL,NULL,2015-06-19 10:59:32.0,7,NULL,NULL,NULL,NULL
636202,NULL,NULL,2013-02-12 11:09:20,7,NULL,NULL,NULL,NULL
1376948,NULL,NULL,2016-07-25 13:27:56.0,1,NULL,NULL,NULL,NULL
805504,NULL,NULL,2014-12-09 12:16:21,7,NULL,NULL,NULL,NULL
299217,NULL,NULL,2010-12-14 11:25:52,7,NULL,NULL,NULL,NULL
159124,NULL,NULL,2016-12-27 09:14:11,5,NULL,NULL,NULL,NULL
1381986,NULL,NULL,2015-06-22 19:23:13.0,7,NULL,NULL,NULL,NULL
200480,NULL,NULL,2012-03-16 11:36:43,7,NULL,NULL,NULL,NULL
1439321,NULL,NULL,2016-01-28 11:11:34,7,NULL,NULL,NULL,NULL
1078678,NULL,NULL,2015-12-08 15:37:31,5,NULL,NULL,NULL,NULL
195795,NULL,NULL,2015-03-06 20:19:05,7,NULL,NULL,NULL,NULL
869835,NULL,NULL,2016-03-24 09:14:22.0,5,NULL,NULL,NULL,NULL
1001632,NULL,NULL,2017-09-06 07:41:24,7,NULL,NULL,NULL,NULL
2852,NULL,NULL,2011-07-09 11:19:55.0,7,NULL,NULL,NULL,NULL
1394207,NULL,NULL,2017-03-07 16:30:14,1,NULL,NULL,NULL,NULL
310072,NULL,NULL,2016-06-06 10:59:39,7,NULL,NULL,NULL,NULL
549377,NULL,NULL,2016-07-07 18:44:35,7,NULL,NULL,NULL,NULL
780739,NULL,NULL,2016-02-11 14:02:44,5,NULL,NULL,NULL,NULL
19445,NULL,NULL,2011-04-28 22:52:36,7,NULL,NULL,NULL,NULL
139081,NULL,NULL,2011-04-19 13:52:52,7,NULL,NULL,NULL,NULL
471845,NULL,NULL,2014-01-17 16:39:49.0,7,NULL,NULL,NULL,NULL
1428174,NULL,NULL,2016-10-31 19:59:40,7,NULL,NULL,NULL,NULL
583366,NULL,NULL,2016-02-27 11:43:41,1,NULL,NULL,NULL,NULL
1284757,NULL,NULL,2010-09-03 13:26:53.0,1,NULL,NULL,NULL,NULL
27020,NULL,NULL,2015-12-19 15:45:42,1,NULL,NULL,NULL,NULL
703072,NULL,NULL,2017-01-14 16:32:23,5,NULL,NULL,NULL,NULL
639474,NULL,NULL,2010-08-26 15:18:38,7,NULL,NULL,NULL,NULL
1524959,NULL,NULL,2015-02-08 15:17:21,7,NULL,NULL,NULL,NULL
1521356,NULL,NULL,2015-12-20 18:38:28,7,NULL,NULL,NULL,NULL
1389527,NULL,NULL,2015-05-29 22:18:52.0,5,NULL,NULL,NULL,NULL
598138,NULL,NULL,2015-05-06 14:03:55,7,NULL,NULL,NULL,NULL
781379,NULL,NULL,2011-08-12 21:45:05,5,NULL,NULL,NULL,NULL
1221841,NULL,NULL,2014-08-27 19:53:34,5,NULL,NULL,NULL,NULL
1565801,NULL,NULL,2012-03-04 14:50:48,7,NULL,NULL,NULL,NULL
1538065,NULL,NULL,2012-08-11 13:19:30.0,2,NULL,NULL,NULL,NULL
37692,NULL,NULL,2015-05-05 19:31:42.0,1,NULL,NULL,NULL,NULL
1046318,NULL,NULL,2012-04-11 18:21:29,7,NULL,NULL,NULL,NULL
534638,NULL,NULL,2011-08-23 16:35:40,7,NULL,NULL,NULL,NULL
537520,NULL,NULL,2015-02-07 22:23:04,5,NULL,NULL,NULL,NULL
998861,NULL,NULL,2011-04-14 12:55:25,7,NULL,NULL,NULL,NULL
247556,NULL,NULL,2012-08-27 11:46:21,7,NULL,NULL,NULL,NULL
931598,NULL,NULL,2015-09-08 14:53:04.0,7,NULL,NULL,NULL,NULL
916923,NULL,NULL,2017-08-21 09:50:37.0,7,NULL,NULL,NULL,NULL
1347424,NULL,NULL,2012-12-12 11:11:05,7,NULL,NULL,NULL,NULL
1042355,NULL,NULL,2011-06-12 11:55:38,7,NULL,NULL,NULL,NULL
292463,NULL,NULL,2016-11-28 18:02:49,7,NULL,NULL,NULL,NULL
1239813,NULL,NULL,2013-12-19 17:44:49.0,7,NULL,NULL,NULL,NULL
1508192,NULL,NULL,2013-08-31 17:48:31,7,NULL,NULL,NULL,NULL
1160652,NULL,NULL,2014-06-03 12:09:31,7,NULL,NULL,NULL,NULL
1341855,NULL,NULL,2015-12-06 22:18:15.0,5,NULL,NULL,NULL,NULL
706669,NULL,NULL,2014-05-28 09:38:57,6,NULL,NULL,NULL,NULL
1038557,NULL,NULL,2017-04-25 07:29:44.0,5,NULL,NULL,NULL,NULL
216711,NULL,NULL,2015-03-30 16:59:42,7,NULL,NULL,NULL,NULL
719002,NULL,NULL,2012-04-06 16:53:26,7,NULL,NULL,NULL,NULL
1427742,NULL,NULL,2014-08-27 14:41:50,7,NULL,NULL,NULL,NULL
890173,NULL,NULL,2011-09-09 13:32:46,7,NULL,NULL,NULL,NULL
178006,NULL,NULL,2011-10-05 17:33:30,7,NULL,NULL,NULL,NULL
47425,NULL,NULL,2012-11-13 09:10:24,7,NULL,NULL,NULL,NULL
1330039,NULL,NULL,2012-06-28 16:58:19,7,NULL,NULL,NULL,NULL
105962,NULL,NULL,2013-09-14 21:47:26,1,NULL,NULL,NULL,NULL
1443041,NULL,NULL,2015-02-03 15:54:54,7,NULL,NULL,NULL,NULL
985741,NULL,NULL,2017-10-26 13:12:12.0,7,NULL,NULL,NULL,NULL
1015171,NULL,NULL,2015-12-23 13:17:02,5,NULL,NULL,NULL,NULL
1558305,NULL,NULL,2018-01-19 03:29:36.0,6,NULL,NULL,NULL,NULL
864377,NULL,NULL,2013-05-14 09:32:29,7,NULL,NULL,NULL,NULL
984135,NULL,NULL,2017-06-25 14:50:06.0,7,NULL,NULL,NULL,NULL
72992,NULL,NULL,2013-09-06 21:16:05,7,NULL,NULL,NULL,NULL
1450119,NULL,NULL,2015-04-15 10:04:13,7,NULL,NULL,NULL,NULL
451005,NULL,NULL,2011-02-12 10:15:53,7,NULL,NULL,NULL,NULL
1352479,NULL,NULL,2016-06-20 12:13:02.0,7,NULL,NULL,NULL,NULL
82492,NULL,NULL,2012-04-25 15:54:45,7,NULL,NULL,NULL,NULL
1338487,NULL,NULL,2011-05-03 08:21:38,7,NULL,NULL,NULL,NULL
1475082,NULL,NULL,2016-03-24 09:52:15,7,NULL,NULL,NULL,NULL
1034907,NULL,NULL,2013-06-17 13:30:21,5,NULL,NULL,NULL,NULL
1349628,NULL,NULL,2012-12-02 13:02:47,7,NULL,NULL,NULL,NULL
1581502,NULL,NULL,2014-11-12 16:08:08,7,NULL,NULL,NULL,NULL
1246414,NULL,NULL,2011-07-25 13:55:34.0,7,NULL,NULL,NULL,NULL
682198,NULL,NULL,2013-10-09 11:02:35,7,NULL,NULL,NULL,NULL
227874,NULL,NULL,2015-12-24 11:52:06.0,5,NULL,NULL,NULL,NULL
924587,NULL,NULL,2012-09-23 20:37:42.0,7,NULL,NULL,NULL,NULL
650499,NULL,NULL,2016-09-30 13:58:50.0,5,NULL,NULL,NULL,NULL
860324,NULL,NULL,2008-01-08 10:09:55,7,NULL,NULL,NULL,NULL
1279278,NULL,NULL,2012-08-22 17:43:47.0,5,NULL,NULL,NULL,NULL
71847,NULL,NULL,2014-06-17 16:09:51,7,NULL,NULL,NULL,NULL
390098,NULL,NULL,2012-07-02 20:42:34,7,NULL,NULL,NULL,NULL
943703,NULL,NULL,2012-09-03 16:18:38,7,NULL,NULL,NULL,NULL
433596,NULL,NULL,2016-11-30 01:35:19.0,5,NULL,NULL,NULL,NULL
981776,NULL,NULL,2015-11-27 21:41:53,7,NULL,NULL,NULL,NULL
643592,NULL,NULL,2011-11-04 20:09:26,7,NULL,NULL,NULL,NULL
1458915,NULL,NULL,2008-11-27 16:23:35,7,NULL,NULL,NULL,NULL
1310444,NULL,NULL,2011-06-01 17:35:28,7,NULL,NULL,NULL,NULL
222517,NULL,NULL,2016-05-31 23:31:56,7,NULL,NULL,NULL,NULL
931992,NULL,NULL,2010-11-26 10:03:19,5,NULL,NULL,NULL,NULL
279514,NULL,NULL,2018-03-08 21:48:10.0,6,NULL,NULL,NULL,NULL
647616,NULL,NULL,2015-08-18 05:29:33,5,NULL,NULL,NULL,NULL
721011,NULL,NULL,2011-12-27 19:26:34.0,7,NULL,NULL,NULL,NULL
536753,NULL,NULL,2011-04-29 20:52:32,7,NULL,NULL,NULL,NULL
31950,NULL,NULL,2017-03-31 15:10:17.0,5,NULL,NULL,NULL,NULL
516751,NULL,NULL,2012-09-01 09:26:29,7,NULL,NULL,NULL,NULL
1423619,NULL,NULL,2014-12-31 10:36:52.0,5,NULL,NULL,NULL,NULL
996049,NULL,NULL,2012-09-04 16:59:04,7,NULL,NULL,NULL,NULL
1198372,NULL,NULL,2010-07-31 18:07:24,7,NULL,NULL,NULL,NULL
1325623,NULL,NULL,2011-01-12 16:15:32,7,NULL,NULL,NULL,NULL
785261,NULL,NULL,2015-12-06 15:28:10,7,NULL,NULL,NULL,NULL
1553958,NULL,NULL,2014-09-15 13:23:34.0,7,NULL,NULL,NULL,NULL
690090,NULL,NULL,2016-02-13 16:08:26,6,NULL,NULL,NULL,NULL
126421,NULL,NULL,2015-09-04 21:51:52,5,NULL,NULL,NULL,NULL
323446,NULL,NULL,2014-02-26 14:24:46,7,NULL,NULL,NULL,NULL
1235116,NULL,NULL,2010-11-12 09:28:22,7,NULL,NULL,NULL,NULL
968209,NULL,NULL,2017-09-12 10:34:52.0,7,NULL,NULL,NULL,NULL
1576279,NULL,NULL,2010-09-24 17:15:09,7,NULL,NULL,NULL,NULL
1238805,NULL,NULL,2015-02-19 08:28:58,1,NULL,NULL,NULL,NULL
886271,NULL,NULL,2017-10-26 00:31:22,7,NULL,NULL,NULL,NULL
1063447,NULL,NULL,2017-07-24 00:07:02,7,NULL,NULL,NULL,NULL
1303388,NULL,NULL,2016-12-13 14:35:30.0,5,NULL,NULL,NULL,NULL
905827,NULL,NULL,2015-08-30 18:03:56,7,NULL,NULL,NULL,NULL
72643,NULL,NULL,2015-11-06 23:58:47.0,5,NULL,NULL,NULL,NULL
172950,NULL,NULL,2015-08-30 18:20:50,5,NULL,NULL,NULL,NULL
1121584,NULL,NULL,2011-12-06 16:43:31.0,7,NULL,NULL,NULL,NULL
185202,NULL,NULL,2011-07-03 22:01:24,7,NULL,NULL,NULL,NULL
722859,NULL,NULL,2013-07-21 14:21:52.0,7,NULL,NULL,NULL,NULL
1184694,NULL,NULL,2012-07-02 16:34:36,7,NULL,NULL,NULL,NULL
1071790,NULL,NULL,2010-12-17 13:42:35,7,NULL,NULL,NULL,NULL
1451501,NULL,NULL,2016-03-18 11:09:11,5,NULL,NULL,NULL,NULL
640187,NULL,NULL,2016-06-29 11:33:15,7,NULL,NULL,NULL,NULL
385021,NULL,NULL,2008-08-16 09:29:36,7,NULL,NULL,NULL,NULL
168711,NULL,NULL,2010-04-15 22:38:47,7,NULL,NULL,NULL,NULL
1137299,NULL,NULL,2012-03-19 14:34:53,5,NULL,NULL,NULL,NULL
1192664,NULL,NULL,2011-06-17 21:48:28,7,NULL,NULL,NULL,NULL
937867,NULL,NULL,2017-03-18 06:14:45.0,7,NULL,NULL,NULL,NULL
206184,NULL,NULL,2009-11-13 19:50:12,7,NULL,NULL,NULL,NULL
74237,NULL,NULL,2012-08-17 09:20:42,5,NULL,NULL,NULL,NULL
31550,NULL,NULL,2015-11-09 18:34:28,7,NULL,NULL,NULL,NULL
362950,NULL,NULL,2015-05-04 11:12:00,5,NULL,NULL,NULL,NULL
736429,NULL,NULL,2015-09-12 16:11:19,7,NULL,NULL,NULL,NULL
718532,NULL,NULL,2016-02-27 22:12:43,1,NULL,NULL,NULL,NULL
1352487,NULL,NULL,2016-08-20 21:11:36,7,NULL,NULL,NULL,NULL
423108,NULL,NULL,2016-03-21 11:08:15.0,7,NULL,NULL,NULL,NULL
36271,NULL,NULL,2016-04-23 10:22:07.0,7,NULL,NULL,NULL,NULL
1467176,NULL,NULL,2017-05-31 23:35:08.0,1,NULL,NULL,NULL,NULL
1325237,NULL,NULL,2012-03-30 17:19:03,7,NULL,NULL,NULL,NULL
934230,NULL,NULL,2012-06-15 09:47:00,7,NULL,NULL,NULL,NULL
154424,NULL,NULL,2013-10-26 22:47:08,5,NULL,NULL,NULL,NULL
360346,NULL,NULL,2016-03-29 15:13:11,7,NULL,NULL,NULL,NULL
1293872,NULL,NULL,2015-02-05 22:42:31.0,7,NULL,NULL,NULL,NULL
434909,NULL,NULL,2011-04-30 15:54:04,7,NULL,NULL,NULL,NULL
893632,NULL,NULL,2013-03-04 12:22:46,7,NULL,NULL,NULL,NULL
97399,NULL,NULL,2011-03-19 14:58:37,7,NULL,NULL,NULL,NULL
144376,NULL,NULL,2016-06-17 15:51:01,1,NULL,NULL,NULL,NULL
664383,NULL,NULL,2011-10-07 15:00:10.0,5,NULL,NULL,NULL,NULL
15742,NULL,NULL,2016-08-18 16:31:46,7,NULL,NULL,NULL,NULL
1193068,NULL,NULL,2012-07-27 16:43:48,7,NULL,NULL,NULL,NULL
1578150,NULL,NULL,2017-08-16 11:37:14.0,7,NULL,NULL,NULL,NULL
654592,NULL,NULL,2013-06-09 21:44:50,7,NULL,NULL,NULL,NULL
1000725,NULL,NULL,2009-04-24 11:28:09.0,7,NULL,NULL,NULL,NULL
138746,NULL,NULL,2011-12-16 16:05:42.0,7,NULL,NULL,NULL,NULL
993679,NULL,NULL,2012-09-30 22:27:51,7,NULL,NULL,NULL,NULL
1547593,NULL,NULL,2014-11-10 14:45:05,7,NULL,NULL,NULL,NULL
176866,NULL,NULL,2017-06-09 13:55:48.0,5,NULL,NULL,NULL,NULL
212608,NULL,NULL,2016-12-28 15:22:20.0,7,NULL,NULL,NULL,NULL
1550781,NULL,NULL,2009-12-28 13:30:53,7,NULL,NULL,NULL,NULL
1482093,NULL,NULL,2012-03-09 22:36:49.0,7,NULL,NULL,NULL,NULL
1503534,NULL,NULL,2014-11-11 10:35:56.0,7,NULL,NULL,NULL,NULL
779822,NULL,NULL,2013-12-18 17:31:13,1,NULL,NULL,NULL,NULL
957262,NULL,NULL,2013-04-19 22:25:21,7,NULL,NULL,NULL,NULL
745646,NULL,NULL,2013-09-27 21:27:28,7,NULL,NULL,NULL,NULL
389623,NULL,NULL,2013-09-04 20:02:24,7,NULL,NULL,NULL,NULL
1225322,NULL,NULL,2010-06-01 09:45:12,7,NULL,NULL,NULL,NULL
229942,NULL,NULL,2010-10-28 08:35:59,7,NULL,NULL,NULL,NULL
168274,NULL,NULL,2016-03-13 12:57:47,5,NULL,NULL,NULL,NULL
429981,NULL,NULL,2017-04-28 14:48:57.0,5,NULL,NULL,NULL,NULL
896309,NULL,NULL,2013-08-21 12:58:54.0,5,NULL,NULL,NULL,NULL
606575,NULL,NULL,2014-08-25 12:57:55,7,NULL,NULL,NULL,NULL
1333783,NULL,NULL,2011-04-29 14:35:09,7,NULL,NULL,NULL,NULL
791094,NULL,NULL,2010-09-13 13:12:12.0,7,NULL,NULL,NULL,NULL
1571754,NULL,NULL,2014-06-08 09:25:40.0,7,NULL,NULL,NULL,NULL
899488,NULL,NULL,2016-12-24 20:59:54.0,7,NULL,NULL,NULL,NULL
367864,NULL,NULL,2011-11-04 11:00:03.0,7,NULL,NULL,NULL,NULL
335273,NULL,NULL,2014-05-04 14:42:42.0,1,NULL,NULL,NULL,NULL
221707,NULL,NULL,2014-07-02 23:57:09,7,NULL,NULL,NULL,NULL
65908,NULL,NULL,2012-11-11 00:09:42,5,NULL,NULL,NULL,NULL
1177454,NULL,NULL,2011-12-05 20:41:25,7,NULL,NULL,NULL,NULL
133675,NULL,NULL,2015-10-07 14:40:15.0,7,NULL,NULL,NULL,NULL
708934,NULL,NULL,2013-12-29 15:05:11,7,NULL,NULL,NULL,NULL
626020,NULL,NULL,2010-02-22 14:40:51,5,NULL,NULL,NULL,NULL
1441260,NULL,NULL,2014-04-03 09:05:18.0,7,NULL,NULL,NULL,NULL
1185744,NULL,NULL,2011-05-16 10:26:48,7,NULL,NULL,NULL,NULL
474892,NULL,NULL,2015-12-17 09:41:18.0,7,NULL,NULL,NULL,NULL
86132,NULL,NULL,2012-03-27 17:19:02,7,NULL,NULL,NULL,NULL
1477036,NULL,NULL,2017-07-18 12:59:01,7,NULL,NULL,NULL,NULL
1323346,NULL,NULL,2014-11-06 14:46:24,7,NULL,NULL,NULL,NULL
1010230,NULL,NULL,2016-11-01 19:35:19,1,NULL,NULL,NULL,NULL
625527,NULL,NULL,2017-02-28 10:31:09,7,NULL,NULL,NULL,NULL
160706,NULL,NULL,2011-05-27 18:01:00,7,NULL,NULL,NULL,NULL
1364686,NULL,NULL,2013-10-06 11:57:18.0,1,NULL,NULL,NULL,NULL
671006,NULL,NULL,2017-12-20 21:57:42.0,7,NULL,NULL,NULL,NULL
1269471,NULL,NULL,2017-06-25 10:24:30,1,NULL,NULL,NULL,NULL
625654,NULL,NULL,2012-11-18 13:06:18,7,NULL,NULL,NULL,NULL
498023,NULL,NULL,2012-01-07 11:18:00,7,NULL,NULL,NULL,NULL
1513296,NULL,NULL,2010-05-02 20:38:22,7,NULL,NULL,NULL,NULL
398589,NULL,NULL,2014-08-16 03:52:28.0,5,NULL,NULL,NULL,NULL
1136755,NULL,NULL,2012-01-07 07:16:46.0,7,NULL,NULL,NULL,NULL
622958,NULL,NULL,2013-09-14 12:04:49,7,NULL,NULL,NULL,NULL
285976,NULL,NULL,2015-06-03 17:55:43,7,NULL,NULL,NULL,NULL
1058857,NULL,NULL,2012-01-23 20:33:04,7,NULL,NULL,NULL,NULL
1309161,NULL,NULL,2016-06-07 22:15:00.0,7,NULL,NULL,NULL,NULL
318679,NULL,NULL,2017-12-13 16:42:24.0,7,NULL,NULL,NULL,NULL
782690,NULL,NULL,2015-07-07 22:41:41.0,7,NULL,NULL,NULL,NULL
1565647,NULL,NULL,2012-05-08 18:41:45,7,NULL,NULL,NULL,NULL
738216,NULL,NULL,2011-08-13 17:24:32,7,NULL,NULL,NULL,NULL
1575614,NULL,NULL,2013-03-23 00:23:30,7,NULL,NULL,NULL,NULL
1378987,NULL,NULL,2012-07-29 12:15:37,1,NULL,NULL,NULL,NULL
1519706,NULL,NULL,2015-11-02 13:29:31,5,NULL,NULL,NULL,NULL
417713,NULL,NULL,2017-10-01 11:20:22,6,NULL,NULL,NULL,NULL
819072,NULL,NULL,2014-06-15 16:44:33,1,NULL,NULL,NULL,NULL
1250103,NULL,NULL,2014-04-17 13:33:16,7,NULL,NULL,NULL,NULL
708993,NULL,NULL,2013-06-03 22:57:29.0,7,NULL,NULL,NULL,NULL
910032,NULL,NULL,2016-07-25 09:03:29,7,NULL,NULL,NULL,NULL
1564381,NULL,NULL,2016-08-12 12:39:58.0,7,NULL,NULL,NULL,NULL
859695,NULL,NULL,2013-02-18 21:35:54,7,NULL,NULL,NULL,NULL
1004196,NULL,NULL,2015-02-06 22:51:13.0,7,NULL,NULL,NULL,NULL
638997,NULL,NULL,2015-07-25 22:33:46.0,7,NULL,NULL,NULL,NULL
1004743,NULL,NULL,2013-08-14 17:30:33,7,NULL,NULL,NULL,NULL
124481,NULL,NULL,2013-06-11 15:14:46,7,NULL,NULL,NULL,NULL
676081,NULL,NULL,2012-04-01 17:48:27,7,NULL,NULL,NULL,NULL
1134455,NULL,NULL,2012-10-28 21:58:09,7,NULL,NULL,NULL,NULL
1352261,NULL,NULL,2016-12-03 22:13:41,7,NULL,NULL,NULL,NULL
280741,NULL,NULL,2009-07-12 12:20:05,7,NULL,NULL,NULL,NULL
347899,NULL,NULL,2016-02-04 18:12:20,5,NULL,NULL,NULL,NULL
1183639,NULL,NULL,2011-11-21 15:26:32,5,NULL,NULL,NULL,NULL
32,NULL,NULL,2011-11-21 22:07:34,7,NULL,NULL,NULL,NULL
1408583,NULL,NULL,2018-01-14 11:32:39.0,1,NULL,NULL,NULL,NULL
151956,NULL,NULL,2017-02-21 19:50:47.0,5,NULL,NULL,NULL,NULL
1532305,NULL,NULL,2010-03-23 13:48:55,7,NULL,NULL,NULL,NULL
628921,NULL,NULL,2008-07-14 19:48:09.0,7,NULL,NULL,NULL,NULL
554732,NULL,NULL,2015-02-11 14:58:11.0,7,NULL,NULL,NULL,NULL
744140,NULL,NULL,2012-12-29 23:34:53,7,NULL,NULL,NULL,NULL
612521,NULL,NULL,2014-12-03 15:01:24,5,NULL,NULL,NULL,NULL
495646,NULL,NULL,2013-01-14 13:21:36,7,NULL,NULL,NULL,NULL
184258,NULL,NULL,2011-08-12 12:26:25.0,7,NULL,NULL,NULL,NULL
1144200,NULL,NULL,2012-10-12 13:43:46.0,7,NULL,NULL,NULL,NULL
964649,NULL,NULL,2013-05-17 15:19:47,5,NULL,NULL,NULL,NULL
639750,NULL,NULL,2010-08-29 00:50:58,7,NULL,NULL,NULL,NULL
290662,NULL,NULL,2011-09-24 18:12:13,5,NULL,NULL,NULL,NULL
1265764,NULL,NULL,2011-06-22 13:00:33,7,NULL,NULL,NULL,NULL
1503923,NULL,NULL,2016-05-25 15:22:53,7,NULL,NULL,NULL,NULL
1310985,NULL,NULL,2006-03-18 07:58:43,7,NULL,NULL,NULL,NULL
435651,NULL,NULL,2012-07-09 11:58:37,7,NULL,NULL,NULL,NULL
435043,NULL,NULL,2015-04-17 18:35:08,1,NULL,NULL,NULL,NULL
1317116,NULL,NULL,2014-05-20 12:55:14,1,NULL,NULL,NULL,NULL
547583,NULL,NULL,2013-03-01 00:52:34.0,7,NULL,NULL,NULL,NULL
64395,NULL,NULL,2012-12-18 10:25:16.0,1,NULL,NULL,NULL,NULL
118734,NULL,NULL,2011-12-08 09:44:22,7,NULL,NULL,NULL,NULL
379264,NULL,NULL,2012-05-09 23:24:39,7,NULL,NULL,NULL,NULL
552324,NULL,NULL,2012-05-28 21:19:47,1,NULL,NULL,NULL,NULL
1186740,NULL,NULL,2015-10-07 00:48:10,5,NULL,NULL,NULL,NULL
1252770,NULL,NULL,2014-12-19 11:47:55,1,NULL,NULL,NULL,NULL
540086,NULL,NULL,2012-06-30 15:06:58,1,NULL,NULL,NULL,NULL
1100399,NULL,NULL,2012-03-05 19:05:56,7,NULL,NULL,NULL,NULL
1130730,NULL,NULL,2013-05-14 16:29:08,5,NULL,NULL,NULL,NULL
903207,NULL,NULL,2011-06-01 18:12:08,5,NULL,NULL,NULL,NULL
577436,NULL,NULL,2011-12-30 15:08:50,7,NULL,NULL,NULL,NULL
1044314,NULL,NULL,2014-01-10 15:45:43,7,NULL,NULL,NULL,NULL
1258502,NULL,NULL,2010-01-12 09:47:04,7,NULL,NULL,NULL,NULL
402296,NULL,NULL,2016-12-04 12:26:03.0,7,NULL,NULL,NULL,NULL
1044610,NULL,NULL,2016-07-28 20:39:46,1,NULL,NULL,NULL,NULL
1111031,NULL,NULL,2017-09-12 20:27:37.0,7,NULL,NULL,NULL,NULL
514986,NULL,NULL,2016-03-15 15:38:48,5,NULL,NULL,NULL,NULL
376665,NULL,NULL,2012-09-04 16:53:41,5,NULL,NULL,NULL,NULL
843925,NULL,NULL,2011-09-14 13:21:16.0,2,NULL,NULL,NULL,NULL
844270,NULL,NULL,2014-07-29 20:51:48,7,NULL,NULL,NULL,NULL
96661,NULL,NULL,2017-06-21 14:31:58.0,1,NULL,NULL,NULL,NULL
458383,NULL,NULL,2010-09-13 16:21:58,7,NULL,NULL,NULL,NULL
512466,NULL,NULL,2016-01-17 14:25:54.0,7,NULL,NULL,NULL,NULL
1329346,NULL,NULL,2016-11-07 17:43:42,7,NULL,NULL,NULL,NULL
439516,NULL,NULL,2014-05-11 11:04:21,7,NULL,NULL,NULL,NULL
473947,NULL,NULL,2015-05-29 17:06:27,7,NULL,NULL,NULL,NULL
1547399,NULL,NULL,2012-10-21 22:36:42.0,7,NULL,NULL,NULL,NULL
1433595,NULL,NULL,2011-01-10 10:01:01,5,NULL,NULL,NULL,NULL
944757,NULL,NULL,2013-10-31 11:22:09,1,NULL,NULL,NULL,NULL
1202945,NULL,NULL,2013-05-29 13:06:09,7,NULL,NULL,NULL,NULL
740396,NULL,NULL,2016-10-12 19:56:13,7,NULL,NULL,NULL,NULL
1033923,NULL,NULL,2010-05-13 17:04:42,7,NULL,NULL,NULL,NULL
818846,NULL,NULL,2009-08-04 13:04:16,7,NULL,NULL,NULL,NULL
813134,NULL,NULL,2010-10-13 11:54:13,7,NULL,NULL,NULL,NULL
1533444,NULL,NULL,2013-07-13 19:42:28,5,NULL,NULL,NULL,NULL
1444504,NULL,NULL,2011-11-14 15:27:38.0,7,NULL,NULL,NULL,NULL
1527957,NULL,NULL,2012-01-01 13:47:15,5,NULL,NULL,NULL,NULL
746638,NULL,NULL,2010-01-04 20:56:56,7,NULL,NULL,NULL,NULL
743098,NULL,NULL,2016-04-08 10:14:35.0,5,NULL,NULL,NULL,NULL
169774,5,0,2014-01-21 07:07:30,7,NULL,NULL,NULL,NULL
283091,5,1,2017-12-29 11:11:23.0,6,NULL,NULL,NULL,NULL
1485781,6,0,2013-06-06 09:14:07,5,NULL,NULL,NULL,NULL
1028209,1,1,2018-01-31 09:45:35.0,6,NULL,NULL,NULL,NULL
1583030,6,1,2016-07-21 20:59:58.0,5,NULL,NULL,NULL,NULL
333645,2,0,2018-02-20 00:38:44.0,6,NULL,NULL,NULL,NULL
154224,6,0,2015-09-07 01:31:29,5,NULL,NULL,NULL,NULL
1492720,6,0,2017-08-14 15:48:35,6,NULL,NULL,NULL,NULL
2718,4,1,2016-09-27 13:31:57.0,1,NULL,NULL,NULL,NULL
359497,5,1,2014-02-27 13:33:28,1,NULL,NULL,NULL,NULL
348592,5,1,2017-04-12 21:36:31.0,6,NULL,NULL,NULL,NULL
805453,5,1,2018-03-03 22:22:29.0,6,NULL,NULL,NULL,NULL
1600116,6,0,2015-02-19 13:17:09.0,6,NULL,NULL,NULL,NULL
1137204,2,0,2015-01-05 21:37:16,6,NULL,NULL,NULL,NULL
730298,4,0,2018-01-08 01:04:44.0,6,NULL,NULL,NULL,NULL
225289,5,1,2012-05-30 18:03:51,1,NULL,NULL,NULL,NULL
616100,6,0,2017-04-21 23:16:06,6,NULL,NULL,NULL,NULL
44690,5,0,2017-11-04 21:56:46,6,NULL,NULL,NULL,NULL
288100,4,1,2018-03-04 12:11:14.0,6,NULL,NULL,NULL,NULL
476329,5,1,2017-11-19 22:22:00,6,NULL,NULL,NULL,NULL
255592,6,1,2016-11-11 18:03:35,6,NULL,NULL,NULL,NULL
1078836,5,1,2013-12-09 13:46:16.0,5,NULL,NULL,NULL,NULL
140269,5,0,2014-10-02 08:28:36.0,6,NULL,NULL,NULL,NULL
1507835,5,1,2018-03-08 15:10:49.0,6,NULL,NULL,NULL,NULL
904925,4,1,2016-09-29 15:17:32,6,NULL,NULL,NULL,NULL
298335,5,0,2015-10-01 17:57:41.0,5,NULL,NULL,NULL,NULL
111108,5,1,2016-03-06 01:08:29.0,1,NULL,NULL,NULL,NULL
1010155,4,1,2018-04-07 16:27:26.0,6,NULL,NULL,NULL,NULL
762863,1,1,2016-09-16 11:30:35,6,NULL,NULL,NULL,NULL
1377015,4,1,2018-01-16 23:15:19.0,1,NULL,NULL,NULL,NULL
1297162,5,1,2017-03-02 12:52:31.0,7,NULL,NULL,NULL,NULL
637693,2,0,2018-02-03 13:23:57.0,6,NULL,NULL,NULL,NULL
569406,5,0,2013-04-01 18:17:36.0,1,NULL,NULL,NULL,NULL
1409926,2,1,2015-12-02 09:34:08,6,NULL,NULL,NULL,NULL
178282,5,1,2017-07-05 12:37:33,1,NULL,NULL,NULL,NULL
586741,5,0,2014-10-10 16:02:17,1,NULL,NULL,NULL,NULL
897085,5,1,2013-03-08 10:21:15,5,NULL,NULL,NULL,NULL
402885,5,0,2015-02-10 21:23:00.0,1,NULL,NULL,NULL,NULL
576655,6,0,2016-05-03 08:52:20.0,7,NULL,NULL,NULL,NULL
395419,5,0,2015-08-10 19:18:14.0,7,NULL,NULL,NULL,NULL
1555426,1,1,2017-11-13 04:18:00.0,6,NULL,NULL,NULL,NULL
1148972,6,1,2018-03-07 00:02:08.0,6,NULL,NULL,NULL,NULL
1588223,4,-1,2013-10-11 19:38:04,1,NULL,NULL,NULL,NULL
807357,1,0,2017-11-15 13:11:01.0,6,NULL,NULL,NULL,NULL
115333,5,1,2017-08-22 09:56:50,6,NULL,NULL,NULL,NULL
1382382,1,0,2016-07-17 19:41:15.0,6,NULL,NULL,NULL,NULL
1077670,5,1,2015-08-28 22:22:48,5,NULL,NULL,NULL,NULL
152257,5,1,2014-03-21 16:29:50,6,NULL,NULL,NULL,NULL
1055934,6,1,2015-04-11 00:02:11,6,NULL,NULL,NULL,NULL
485077,1,0,2015-01-19 09:20:24.0,5,NULL,NULL,NULL,NULL
227187,5,0,2011-12-19 02:33:13.0,7,NULL,NULL,NULL,NULL
1588516,5,1,2016-03-16 20:33:30,6,NULL,NULL,NULL,NULL
1388133,5,1,2016-06-30 15:30:00,1,NULL,NULL,NULL,NULL
112686,2,0,2015-01-04 02:51:01.0,1,NULL,NULL,NULL,NULL
50847,5,1,2017-01-14 11:02:30.0,6,NULL,NULL,NULL,NULL
1459967,5,1,2015-11-10 19:12:15.0,5,NULL,NULL,NULL,NULL
728789,5,1,2013-01-15 12:54:18,7,NULL,NULL,NULL,NULL
479568,2,1,2015-09-16 18:19:36,6,NULL,NULL,NULL,NULL
157675,5,1,2015-02-22 11:13:30,5,NULL,NULL,NULL,NULL
1117755,5,1,2018-02-23 13:53:06.0,6,NULL,NULL,NULL,NULL
382979,5,1,2013-11-13 17:18:30.0,1,NULL,NULL,NULL,NULL
1003451,4,0,2016-10-03 15:04:34,1,NULL,NULL,NULL,NULL
1084658,5,1,2016-12-17 15:36:12.0,1,NULL,NULL,NULL,NULL
1424687,5,0,2018-02-21 18:33:58.0,6,NULL,NULL,NULL,NULL
440102,5,0,2018-03-16 22:40:33.0,6,NULL,NULL,NULL,NULL
1515307,2,0,2017-08-02 16:39:28,6,NULL,NULL,NULL,NULL
757509,5,0,2016-01-12 13:52:11.0,6,NULL,NULL,NULL,NULL
1498221,6,1,2015-03-19 20:36:19.0,1,NULL,NULL,NULL,NULL
116743,5,0,2016-02-01 21:57:04.0,6,NULL,NULL,NULL,NULL
133144,6,1,2016-11-21 15:07:29,6,NULL,NULL,NULL,NULL
1242315,5,0,2017-01-18 08:44:31.0,1,NULL,NULL,NULL,NULL
1011195,5,1,2016-03-08 22:29:29.0,1,NULL,NULL,NULL,NULL
1051210,6,0,2017-05-13 20:07:45.0,1,NULL,NULL,NULL,NULL
835564,1,1,2018-04-03 09:20:42.0,6,NULL,NULL,NULL,NULL
345875,2,-1,2017-06-16 14:16:43,6,NULL,NULL,NULL,NULL
237969,6,0,2017-12-08 16:30:44.0,1,NULL,NULL,NULL,NULL
350110,5,0,2015-10-21 19:24:10,1,NULL,NULL,NULL,NULL
1110378,1,0,2016-10-28 20:18:48,6,NULL,NULL,NULL,NULL
308057,4,0,2017-06-30 20:55:30.0,6,NULL,NULL,NULL,NULL
869211,5,0,2016-12-18 13:05:26,1,NULL,NULL,NULL,NULL
656006,2,0,2014-10-31 15:48:58,5,NULL,NULL,NULL,NULL
645998,5,1,2012-08-03 09:12:20.0,1,NULL,NULL,NULL,NULL
1464877,5,1,2018-03-07 18:31:52.0,1,NULL,NULL,NULL,NULL
638872,5,1,2015-11-01 20:11:58,6,NULL,NULL,NULL,NULL
121676,5,1,2015-02-01 22:09:56.0,1,NULL,NULL,NULL,NULL
668887,5,0,2016-11-01 13:47:50,1,NULL,NULL,NULL,NULL
864387,1,1,2017-12-25 10:06:19.0,3,NULL,NULL,NULL,NULL
1226756,4,1,2017-01-28 16:31:04,6,NULL,NULL,NULL,NULL
1598197,1,0,2015-05-06 19:52:07.0,1,NULL,NULL,NULL,NULL
735893,5,1,2016-12-08 16:42:21,6,NULL,NULL,NULL,NULL
151718,4,1,2017-10-28 10:16:56.0,5,NULL,NULL,NULL,NULL
1564103,2,0,2017-11-28 09:13:11,6,NULL,NULL,NULL,NULL
271166,5,0,2017-09-09 21:48:06,6,NULL,NULL,NULL,NULL
781430,6,0,2018-03-30 14:10:13.0,6,NULL,NULL,NULL,NULL
567473,6,0,2018-03-24 11:22:04.0,6,NULL,NULL,NULL,NULL
896916,5,0,2015-02-23 15:30:23,6,NULL,NULL,NULL,NULL
142020,1,1,2015-05-13 13:11:01,1,NULL,NULL,NULL,NULL
399647,5,0,2018-03-10 10:24:12.0,6,NULL,NULL,NULL,NULL
1377531,6,1,2014-11-01 19:56:57,1,NULL,NULL,NULL,NULL
895820,6,1,2016-11-11 20:33:45,6,NULL,NULL,NULL,NULL
1201371,4,0,2017-04-12 17:17:57.0,1,NULL,NULL,NULL,NULL
1464979,4,0,2016-06-16 18:20:40,1,NULL,NULL,NULL,NULL
1303340,4,1,2015-04-28 13:40:30,6,NULL,NULL,NULL,NULL
1170939,5,1,2018-03-09 14:13:08.0,1,NULL,NULL,NULL,NULL
532709,2,0,2017-11-15 11:03:12,6,NULL,NULL,NULL,NULL
809925,6,0,2015-11-11 17:40:37.0,1,NULL,NULL,NULL,NULL
404685,2,0,2014-07-14 20:50:36,1,NULL,NULL,NULL,NULL
203128,5,1,2013-02-28 20:54:37.0,5,NULL,NULL,NULL,NULL
1252050,5,1,2016-03-12 19:38:06,1,NULL,NULL,NULL,NULL
829100,5,0,2017-03-18 22:06:10,6,NULL,NULL,NULL,NULL
1230591,5,1,2014-11-18 22:37:21.0,5,NULL,NULL,NULL,NULL
849773,4,0,2017-12-19 13:21:31.0,1,NULL,NULL,NULL,NULL
712756,2,1,2018-03-07 11:57:34.0,1,NULL,NULL,NULL,NULL
127091,4,0,2015-10-17 17:13:17.0,5,NULL,NULL,NULL,NULL
1265053,6,1,2016-01-10 11:46:22.0,6,NULL,NULL,NULL,NULL
1555538,6,0,2015-02-10 16:10:33,1,NULL,NULL,NULL,NULL
1009236,5,1,2018-03-07 22:39:33.0,6,NULL,NULL,NULL,NULL
434058,5,1,2018-02-03 07:48:18.0,6,NULL,NULL,NULL,NULL
251697,4,1,2018-03-17 14:52:21.0,6,NULL,NULL,NULL,NULL
222433,4,1,2015-08-26 01:42:31,5,NULL,NULL,NULL,NULL
637408,4,1,2015-08-21 00:40:42,5,NULL,NULL,NULL,NULL
109949,5,1,2015-07-04 17:20:58.0,6,NULL,NULL,NULL,NULL
197925,6,0,2017-01-03 09:37:43,5,NULL,NULL,NULL,NULL
925311,5,1,2014-10-10 19:57:52,6,NULL,NULL,NULL,NULL
805459,5,0,2016-03-21 19:58:21,1,NULL,NULL,NULL,NULL
940157,6,0,2015-06-15 10:05:56,5,NULL,NULL,NULL,NULL
999622,4,1,2017-05-16 19:50:11,1,NULL,NULL,NULL,NULL
231654,2,0,2013-07-29 19:54:05,5,NULL,NULL,NULL,NULL
1261947,6,0,2008-11-28 14:53:04,7,NULL,NULL,NULL,NULL
1475371,1,1,2016-12-23 21:21:05.0,6,NULL,NULL,NULL,NULL
1426416,5,0,2017-11-06 20:25:43,6,NULL,NULL,NULL,NULL
1040497,4,0,2017-12-31 10:56:37.0,1,NULL,NULL,NULL,NULL
593858,5,0,2013-02-25 11:39:17.0,7,NULL,NULL,NULL,NULL
949335,4,0,2016-11-05 16:36:41.0,6,NULL,NULL,NULL,NULL
692563,6,1,2012-02-12 08:05:19.0,1,NULL,NULL,NULL,NULL
676885,6,0,2017-03-13 10:43:52,6,NULL,NULL,NULL,NULL
827669,6,1,2015-03-06 10:51:56.0,5,NULL,NULL,NULL,NULL
342097,5,1,2016-04-05 08:46:23,6,NULL,NULL,NULL,NULL
108354,2,1,2016-04-05 13:11:53.0,6,NULL,NULL,NULL,NULL
584668,4,1,2017-09-06 20:36:28.0,1,NULL,NULL,NULL,NULL
529057,6,1,2014-10-07 22:17:59,1,NULL,NULL,NULL,NULL
1160700,6,1,2017-09-02 17:39:19.0,6,NULL,NULL,NULL,NULL
292310,2,0,2015-05-26 11:40:53,4,NULL,NULL,NULL,NULL
1074393,4,1,2017-03-15 22:28:02.0,6,NULL,NULL,NULL,NULL
836180,5,1,2016-11-04 23:19:05.0,6,NULL,NULL,NULL,NULL
175223,5,0,2017-11-11 18:12:50.0,6,NULL,NULL,NULL,NULL
684983,6,0,2016-07-06 09:50:33,6,NULL,NULL,NULL,NULL
1139021,5,1,2017-04-14 17:56:15.0,6,NULL,NULL,NULL,NULL
947921,5,0,2017-02-25 14:48:18.0,1,NULL,NULL,NULL,NULL
422002,4,0,2017-02-08 15:21:17.0,1,NULL,NULL,NULL,NULL
1516944,6,1,2013-11-23 10:39:15,1,NULL,NULL,NULL,NULL
1439816,5,1,2017-10-19 22:34:34,6,NULL,NULL,NULL,NULL
1019969,5,1,2016-12-30 12:49:02.0,5,NULL,NULL,NULL,NULL
1357602,5,0,2016-05-07 15:01:32.0,1,NULL,NULL,NULL,NULL
1575925,5,1,2014-12-29 12:00:33.0,5,NULL,NULL,NULL,NULL
18007,2,1,2018-02-22 15:22:56.0,6,NULL,NULL,NULL,NULL
988777,2,1,2013-05-02 17:55:05,1,NULL,NULL,NULL,NULL
1087834,5,1,2011-10-07 14:46:55,5,NULL,NULL,NULL,NULL
426110,1,0,2016-03-31 12:17:49,1,NULL,NULL,NULL,NULL
287030,5,1,2017-04-27 22:02:55,1,NULL,NULL,NULL,NULL
1480314,4,1,2017-11-14 12:10:29.0,6,NULL,NULL,NULL,NULL
106568,1,0,2016-11-10 22:42:39.0,6,NULL,NULL,NULL,NULL
1326685,5,1,2016-03-14 13:48:02,5,NULL,NULL,NULL,NULL
1195693,5,1,2017-08-10 21:01:27.0,1,NULL,NULL,NULL,NULL
343136,4,1,2016-11-22 13:23:07,5,NULL,NULL,NULL,NULL
323708,5,0,2018-03-23 10:05:20.0,6,NULL,NULL,NULL,NULL
328691,2,1,2017-11-11 07:55:15,6,NULL,NULL,NULL,NULL
1246569,5,1,2016-09-24 02:55:38,6,NULL,NULL,NULL,NULL
1076052,5,1,2013-10-15 08:53:25,5,NULL,NULL,NULL,NULL
1098388,5,1,2015-09-23 10:07:33,5,NULL,NULL,NULL,NULL
1264573,4,0,2018-03-21 10:52:16.0,3,NULL,NULL,NULL,NULL
73282,1,0,2017-10-31 17:31:15.0,6,NULL,NULL,NULL,NULL
1325896,1,0,2018-02-03 18:28:01.0,6,NULL,NULL,NULL,NULL
161690,6,0,2015-02-10 20:08:46,1,NULL,NULL,NULL,NULL
439697,5,1,2017-03-13 13:15:16,7,NULL,NULL,NULL,NULL
249590,6,1,2017-02-01 11:01:08,6,NULL,NULL,NULL,NULL
817081,6,1,2016-01-03 16:10:44.0,1,NULL,NULL,NULL,NULL
376115,6,0,2018-03-27 13:56:42.0,6,NULL,NULL,NULL,NULL
613592,4,0,2012-11-09 16:41:33,7,NULL,NULL,NULL,NULL
902342,5,1,2015-06-17 21:25:03.0,1,NULL,NULL,NULL,NULL
906087,1,1,2018-03-16 12:18:08.0,6,NULL,NULL,NULL,NULL
326400,5,1,2012-08-07 12:46:01.0,7,NULL,NULL,NULL,NULL
701459,6,0,2016-10-31 11:22:59.0,5,NULL,NULL,NULL,NULL
1034576,5,1,2017-07-03 19:54:39,6,NULL,NULL,NULL,NULL
617044,2,0,2016-09-30 22:23:40.0,6,NULL,NULL,NULL,NULL
625820,5,1,2014-08-30 22:01:53,1,NULL,NULL,NULL,NULL
689612,5,0,2017-07-18 21:23:46.0,6,NULL,NULL,NULL,NULL
753278,5,1,2017-02-23 10:26:45.0,6,NULL,NULL,NULL,NULL
1058387,2,1,2018-02-16 22:26:42.0,6,NULL,NULL,NULL,NULL
210862,5,0,2012-02-12 21:45:14,7,NULL,NULL,NULL,NULL
448983,5,1,2014-04-11 08:14:05,1,NULL,NULL,NULL,NULL
1559728,4,0,2017-10-06 10:35:44.0,5,NULL,NULL,NULL,NULL
1462496,2,0,2017-11-26 07:16:06,6,NULL,NULL,NULL,NULL
553057,1,1,2017-02-26 07:27:00.0,1,NULL,NULL,NULL,NULL
224790,5,1,2013-11-26 16:27:27.0,5,NULL,NULL,NULL,NULL
222236,1,0,2016-06-10 14:30:26,6,NULL,NULL,NULL,NULL
254003,4,0,2016-03-31 12:35:30.0,5,NULL,NULL,NULL,NULL
1384285,5,1,2015-05-20 10:06:41.0,5,NULL,NULL,NULL,NULL
1291698,6,1,2018-03-18 08:22:34.0,6,NULL,NULL,NULL,NULL
839862,5,0,2014-03-04 19:35:37,1,NULL,NULL,NULL,NULL
218413,5,0,2018-03-26 09:37:50.0,6,NULL,NULL,NULL,NULL
246165,4,0,2015-12-25 20:29:29,1,NULL,NULL,NULL,NULL
1301353,1,1,2016-01-03 08:00:28.0,1,NULL,NULL,NULL,NULL
368351,5,1,2017-11-05 21:45:18.0,1,NULL,NULL,NULL,NULL
78029,6,0,2016-06-26 07:56:44,1,NULL,NULL,NULL,NULL
990104,4,1,2014-10-17 00:49:37,6,NULL,NULL,NULL,NULL
58562,5,0,2012-02-08 13:59:05.0,1,NULL,NULL,NULL,NULL
114288,6,0,2015-08-29 18:02:55,7,NULL,NULL,NULL,NULL
276674,4,0,2017-10-25 21:23:13.0,6,NULL,NULL,NULL,NULL
1358899,5,0,2017-09-04 13:01:15,6,NULL,NULL,NULL,NULL
991823,6,1,2018-03-01 11:30:36.0,6,NULL,NULL,NULL,NULL
1149159,6,0,2016-05-10 15:19:12.0,1,NULL,NULL,NULL,NULL
966470,2,0,2017-08-13 09:42:02.0,1,NULL,NULL,NULL,NULL
1298401,5,0,2016-04-01 01:03:30,1,NULL,NULL,NULL,NULL
1280436,5,1,2014-11-14 20:02:13.0,6,NULL,NULL,NULL,NULL
601545,6,1,2015-11-11 16:14:30.0,6,NULL,NULL,NULL,NULL
968885,5,0,2014-12-12 07:53:40.0,5,NULL,NULL,NULL,NULL
498276,5,1,2017-09-26 12:32:00.0,6,NULL,NULL,NULL,NULL
632358,6,1,2016-11-08 14:51:49,6,NULL,NULL,NULL,NULL
1503561,6,0,2015-04-26 09:22:08,1,NULL,NULL,NULL,NULL
660257,5,1,2016-10-17 09:35:29.0,1,NULL,NULL,NULL,NULL
920280,2,1,2016-01-28 18:10:31,1,NULL,NULL,NULL,NULL
1327223,5,1,2014-06-16 10:23:20.0,6,NULL,NULL,NULL,NULL
639335,1,1,2018-01-22 22:02:38.0,6,NULL,NULL,NULL,NULL
1524980,6,0,2016-12-08 16:28:53,1,NULL,NULL,NULL,NULL
511448,4,1,2014-08-31 13:06:57,1,NULL,NULL,NULL,NULL
1428991,6,0,2017-12-31 16:18:04.0,6,NULL,NULL,NULL,NULL
14043,1,0,2015-05-20 19:32:08.0,6,NULL,NULL,NULL,NULL
362699,4,1,2016-02-28 01:01:57.0,1,NULL,NULL,NULL,NULL
860337,2,1,2016-01-22 18:23:01,1,NULL,NULL,NULL,NULL
1220010,5,1,2018-01-03 15:51:21.0,1,NULL,NULL,NULL,NULL
689623,5,1,2017-08-20 09:31:18,5,NULL,NULL,NULL,NULL
1099874,2,0,2011-07-12 17:59:09,7,NULL,NULL,NULL,NULL
802898,5,0,2016-01-26 18:52:40,1,NULL,NULL,NULL,NULL
1074783,1,0,2018-03-08 16:10:03.0,6,NULL,NULL,NULL,NULL
1272041,5,0,2011-12-30 22:54:41,1,NULL,NULL,NULL,NULL
905957,5,1,2017-11-12 15:46:01.0,6,NULL,NULL,NULL,NULL
1123239,5,1,2018-01-31 16:20:19.0,6,NULL,NULL,NULL,NULL
1333509,2,1,2017-12-11 13:26:50.0,1,NULL,NULL,NULL,NULL
1309679,4,1,2015-09-06 01:23:48.0,5,NULL,NULL,NULL,NULL
1357743,6,1,2016-06-18 19:10:31,6,NULL,NULL,NULL,NULL
969713,4,1,2018-04-07 15:53:32.0,6,NULL,NULL,NULL,NULL
139582,1,0,2018-03-11 15:10:20.0,6,NULL,NULL,NULL,NULL
442363,4,0,2017-03-31 21:04:00,6,NULL,NULL,NULL,NULL
612804,5,0,2018-01-05 16:33:33.0,6,NULL,NULL,NULL,NULL
482968,5,1,2018-04-12 15:36:09.0,4,NULL,NULL,NULL,NULL
1212216,6,1,2014-11-19 19:10:15,6,NULL,NULL,NULL,NULL
845195,6,1,2017-07-18 14:00:12,6,NULL,NULL,NULL,NULL
1213823,6,1,2015-11-25 20:38:34,6,NULL,NULL,NULL,NULL
106116,4,1,2017-03-19 16:57:59.0,6,NULL,NULL,NULL,NULL
709012,6,1,2018-03-16 11:27:52.0,6,NULL,NULL,NULL,NULL
325542,4,0,2017-06-07 16:07:26.0,6,NULL,NULL,NULL,NULL
403768,5,0,2016-03-19 20:11:52.0,7,NULL,NULL,NULL,NULL
480159,5,0,2011-08-04 13:12:58,7,NULL,NULL,NULL,NULL
626651,6,1,2016-11-13 20:50:32,6,NULL,NULL,NULL,NULL
676482,5,0,2018-02-27 14:10:57.0,1,NULL,NULL,NULL,NULL
1261142,4,1,2017-06-10 07:47:06.0,6,NULL,NULL,NULL,NULL
1453917,5,0,2017-06-21 15:50:39.0,6,NULL,NULL,NULL,NULL
929184,6,0,2012-08-16 08:57:51,7,NULL,NULL,NULL,NULL
456125,6,0,2017-12-23 10:50:31.0,6,NULL,NULL,NULL,NULL
1350093,4,0,2015-10-28 18:51:12.0,6,NULL,NULL,NULL,NULL
362378,5,1,2017-01-28 10:37:35.0,6,NULL,NULL,NULL,NULL
156863,5,0,2012-09-18 20:16:51,1,NULL,NULL,NULL,NULL
1481373,5,1,2016-12-27 15:49:15.0,1,NULL,NULL,NULL,NULL
1503671,5,1,2018-01-26 17:11:28.0,6,NULL,NULL,NULL,NULL
331372,5,0,2017-11-01 16:43:30.0,1,NULL,NULL,NULL,NULL
1204128,5,1,2014-12-13 13:39:40,6,NULL,NULL,NULL,NULL
1420552,6,1,2017-06-05 18:50:40.0,6,NULL,NULL,NULL,NULL
1152868,5,0,2018-03-05 11:06:43.0,6,NULL,NULL,NULL,NULL
1120333,6,0,2016-12-12 13:58:32,6,NULL,NULL,NULL,NULL
732692,4,1,2017-12-07 23:04:40.0,6,NULL,NULL,NULL,NULL
642908,6,0,2017-08-25 22:10:03.0,7,NULL,NULL,NULL,NULL
107286,4,1,2017-02-03 12:52:46,1,NULL,NULL,NULL,NULL
429942,5,1,2012-04-24 21:25:26,5,NULL,NULL,NULL,NULL
1347614,5,0,2014-09-27 08:58:54.0,5,NULL,NULL,NULL,NULL
1138446,5,0,2018-01-27 08:48:35.0,6,NULL,NULL,NULL,NULL
1130757,6,1,2016-01-09 13:24:22.0,6,NULL,NULL,NULL,NULL
421244,5,1,2016-02-20 00:03:08,1,NULL,NULL,NULL,NULL
1246718,5,1,2012-08-14 14:34:24.0,5,NULL,NULL,NULL,NULL
1126961,5,0,2017-06-16 17:58:37,1,NULL,NULL,NULL,NULL
307247,1,0,2017-09-26 10:50:14.0,6,NULL,NULL,NULL,NULL
258606,5,1,2017-11-04 21:04:56.0,6,NULL,NULL,NULL,NULL
1494584,5,1,2016-08-07 14:56:10,1,NULL,NULL,NULL,NULL
46197,1,0,2015-12-26 14:29:10.0,7,NULL,NULL,NULL,NULL
437416,6,1,2017-05-21 15:48:50,1,NULL,NULL,NULL,NULL
712888,2,0,2018-03-19 21:43:47.0,6,NULL,NULL,NULL,NULL
87494,5,1,2017-05-06 08:59:25,6,NULL,NULL,NULL,NULL
661000,6,1,2017-12-14 10:47:53.0,5,NULL,NULL,NULL,NULL
657528,6,1,2013-06-10 20:31:15,6,NULL,NULL,NULL,NULL
47902,6,0,2015-11-20 14:45:44,1,NULL,NULL,NULL,NULL
1123959,4,0,2015-11-01 14:29:19,6,NULL,NULL,NULL,NULL
320316,5,0,2017-06-27 15:06:10.0,1,NULL,NULL,NULL,NULL
328217,6,1,2015-03-17 14:08:47.0,7,NULL,NULL,NULL,NULL
803468,6,0,2012-01-13 20:17:03,5,NULL,NULL,NULL,NULL
1569324,4,0,2016-12-17 19:08:47.0,5,NULL,NULL,NULL,NULL
1410832,6,1,2016-06-22 17:39:00,1,NULL,NULL,NULL,NULL
603261,4,1,2017-01-08 19:42:00,1,NULL,NULL,NULL,NULL
613077,5,1,2014-12-19 19:24:04,6,NULL,NULL,NULL,NULL
297234,6,0,2016-08-14 07:57:47,1,NULL,NULL,NULL,NULL
43698,6,1,2015-12-10 20:03:38.0,6,NULL,NULL,NULL,NULL
1057062,6,1,2017-04-06 11:26:38.0,6,NULL,NULL,NULL,NULL
89508,6,1,2015-06-02 06:14:32.0,6,NULL,NULL,NULL,NULL
1363657,5,0,2016-09-19 13:57:22.0,1,NULL,NULL,NULL,NULL
409197,5,1,2018-03-17 20:20:20.0,6,NULL,NULL,NULL,NULL
724550,6,1,2012-05-26 19:04:47.0,7,NULL,NULL,NULL,NULL
1113181,5,1,2017-05-23 07:53:05.0,1,NULL,NULL,NULL,NULL
1351106,6,1,2014-01-28 13:45:10.0,1,NULL,NULL,NULL,NULL
677011,6,0,2014-04-11 08:53:23,5,NULL,NULL,NULL,NULL
129514,5,1,2017-12-21 11:35:39.0,6,NULL,NULL,NULL,NULL
1455013,5,1,2017-12-03 10:47:18.0,1,NULL,NULL,NULL,NULL
473371,5,0,2016-10-29 21:17:35,1,NULL,NULL,NULL,NULL
380767,5,1,2017-10-27 17:55:25.0,5,NULL,NULL,NULL,NULL
869860,6,1,2018-03-06 16:49:56.0,6,NULL,NULL,NULL,NULL
908796,5,1,2014-10-07 11:46:28,5,NULL,NULL,NULL,NULL
103918,4,-1,2018-03-23 17:48:07.0,6,NULL,NULL,NULL,NULL
1565213,5,0,2017-03-11 10:10:32,6,NULL,NULL,NULL,NULL
981081,6,0,2014-09-20 22:30:57.0,5,NULL,NULL,NULL,NULL
1532146,6,0,2016-04-15 15:46:29,6,NULL,NULL,NULL,NULL
1099700,5,0,2016-07-13 10:29:47,6,NULL,NULL,NULL,NULL
1152227,5,0,2014-10-21 13:32:29,1,NULL,NULL,NULL,NULL
219547,5,1,2018-03-11 14:52:07.0,6,NULL,NULL,NULL,NULL
83596,5,1,2011-10-23 09:08:30.0,5,NULL,NULL,NULL,NULL
1358242,2,1,2016-05-12 23:10:49.0,6,NULL,NULL,NULL,NULL
220588,5,1,2016-07-12 12:15:58,6,NULL,NULL,NULL,NULL
525171,5,1,2017-12-28 21:07:12.0,1,NULL,NULL,NULL,NULL
1472262,6,1,2016-08-25 16:12:03,1,NULL,NULL,NULL,NULL
621294,5,1,2018-04-07 10:42:04.0,6,NULL,NULL,NULL,NULL
864345,2,0,2016-08-28 10:09:56.0,6,NULL,NULL,NULL,NULL